<?xml version="1.0" encoding="UTF-8"?>
<export version="D">
  <design>
    <source>/home/alan/kicad files/Frequency_counter_v1.102/F_counter.sch</source>
    <date>Wed 22 Mar 2017 15:42:12 GMT</date>
    <tool>Eeschema 4.0.4+e1-6308~48~ubuntu14.04.1-stable</tool>
    <sheet number="1" name="/" tstamps="/">
      <title_block>
        <title/>
        <company/>
        <rev/>
        <date/>
        <source>F_counter.sch</source>
        <comment number="1" value=""/>
        <comment number="2" value=""/>
        <comment number="3" value=""/>
        <comment number="4" value=""/>
      </title_block>
    </sheet>
  </design>
  <components>
    <comp ref="R8">
      <value>1M</value>
      <footprint>Discret:R4</footprint>
      <libsource lib="device" part="R"/>
      <sheetpath names="/" tstamps="/"/>
      <tstamp>57CFCE3C</tstamp>
    </comp>
    <comp ref="R7">
      <value>220k</value>
      <footprint>Discret:R4</footprint>
      <libsource lib="device" part="R"/>
      <sheetpath names="/" tstamps="/"/>
      <tstamp>57CFCE3D</tstamp>
    </comp>
    <comp ref="RV1">
      <value>10k</value>
      <footprint>libraries:R_Trimmer2</footprint>
      <libsource lib="device" part="POT"/>
      <sheetpath names="/" tstamps="/"/>
      <tstamp>57CFCE3E</tstamp>
    </comp>
    <comp ref="C5">
      <value>100n</value>
      <footprint>Capacitors_ThroughHole:C_Disc_D6.0mm_W2.5mm_P5.00mm</footprint>
      <libsource lib="device" part="C"/>
      <sheetpath names="/" tstamps="/"/>
      <tstamp>57CFCE3F</tstamp>
    </comp>
    <comp ref="D2">
      <value>IN4148</value>
      <footprint>Discret:D4</footprint>
      <libsource lib="device" part="D"/>
      <sheetpath names="/" tstamps="/"/>
      <tstamp>57CFCE40</tstamp>
    </comp>
    <comp ref="D1">
      <value>IN4148</value>
      <footprint>Discret:D4</footprint>
      <libsource lib="device" part="D"/>
      <sheetpath names="/" tstamps="/"/>
      <tstamp>57CFCE41</tstamp>
    </comp>
    <comp ref="R1">
      <value>10k</value>
      <footprint>Discret:R4</footprint>
      <libsource lib="device" part="R"/>
      <sheetpath names="/" tstamps="/"/>
      <tstamp>57CFCE42</tstamp>
    </comp>
    <comp ref="C1">
      <value>33p</value>
      <footprint>Capacitors_ThroughHole:C_Disc_D3_P2.5</footprint>
      <libsource lib="device" part="C"/>
      <sheetpath names="/" tstamps="/"/>
      <tstamp>57CFCE43</tstamp>
    </comp>
    <comp ref="U7">
      <value>74AC393</value>
      <footprint>Housings_DIP:DIP-14_W7.62mm_LongPads</footprint>
      <libsource lib="74xx" part="74LS393"/>
      <sheetpath names="/" tstamps="/"/>
      <tstamp>57CFCE45</tstamp>
    </comp>
    <comp ref="U6">
      <value>Nano</value>
      <footprint>libraries:Arduino_Nano</footprint>
      <libsource lib="F_counter-cache" part="Nano"/>
      <sheetpath names="/" tstamps="/"/>
      <tstamp>57CFCE47</tstamp>
    </comp>
    <comp ref="U5">
      <value>RTC</value>
      <footprint>libraries:RTC</footprint>
      <libsource lib="F_counter-cache" part="RTC"/>
      <sheetpath names="/" tstamps="/"/>
      <tstamp>57CFCE48</tstamp>
    </comp>
    <comp ref="DS1">
      <value>LCD16X2</value>
      <footprint>Display:WC1602A</footprint>
      <libsource lib="display" part="LCD16X2"/>
      <sheetpath names="/" tstamps="/"/>
      <tstamp>57CFCE4A</tstamp>
    </comp>
    <comp ref="RV2">
      <value>10K</value>
      <footprint>libraries:R_Trimmer2</footprint>
      <libsource lib="device" part="POT"/>
      <sheetpath names="/" tstamps="/"/>
      <tstamp>57CFCE4C</tstamp>
    </comp>
    <comp ref="R17">
      <value>330</value>
      <footprint>Discret:R4</footprint>
      <libsource lib="device" part="R"/>
      <sheetpath names="/" tstamps="/"/>
      <tstamp>57CFCE4D</tstamp>
    </comp>
    <comp ref="SW1">
      <value>SW_PUSH</value>
      <footprint>Buttons_Switches_ThroughHole:SW_PUSH_6mm</footprint>
      <libsource lib="device" part="SW_PUSH"/>
      <sheetpath names="/" tstamps="/"/>
      <tstamp>57CFCE51</tstamp>
    </comp>
    <comp ref="SW2">
      <value>SW_PUSH</value>
      <footprint>Buttons_Switches_ThroughHole:SW_PUSH_6mm</footprint>
      <libsource lib="device" part="SW_PUSH"/>
      <sheetpath names="/" tstamps="/"/>
      <tstamp>57CFCE52</tstamp>
    </comp>
    <comp ref="SW3">
      <value>SW_PUSH</value>
      <footprint>Buttons_Switches_ThroughHole:SW_PUSH_6mm</footprint>
      <libsource lib="device" part="SW_PUSH"/>
      <sheetpath names="/" tstamps="/"/>
      <tstamp>57CFCE53</tstamp>
    </comp>
    <comp ref="R16">
      <value>10k</value>
      <footprint>Discret:R4</footprint>
      <libsource lib="device" part="R"/>
      <sheetpath names="/" tstamps="/"/>
      <tstamp>57CFCE56</tstamp>
    </comp>
    <comp ref="R15">
      <value>10k</value>
      <footprint>Discret:R4</footprint>
      <libsource lib="device" part="R"/>
      <sheetpath names="/" tstamps="/"/>
      <tstamp>57CFCE57</tstamp>
    </comp>
    <comp ref="R13">
      <value>10k</value>
      <footprint>Discret:R4</footprint>
      <libsource lib="device" part="R"/>
      <sheetpath names="/" tstamps="/"/>
      <tstamp>57CFCE58</tstamp>
    </comp>
    <comp ref="R11">
      <value>10k</value>
      <footprint>Discret:R4</footprint>
      <libsource lib="device" part="R"/>
      <sheetpath names="/" tstamps="/"/>
      <tstamp>57CFCE59</tstamp>
    </comp>
    <comp ref="R12">
      <value>10k</value>
      <footprint>Discret:R4</footprint>
      <libsource lib="device" part="R"/>
      <sheetpath names="/" tstamps="/"/>
      <tstamp>57CFCE5A</tstamp>
    </comp>
    <comp ref="R14">
      <value>10k</value>
      <footprint>Discret:R4</footprint>
      <libsource lib="device" part="R"/>
      <sheetpath names="/" tstamps="/"/>
      <tstamp>57CFCE5B</tstamp>
    </comp>
    <comp ref="C12">
      <value>10n</value>
      <footprint>Capacitors_ThroughHole:C_Disc_D6_P5</footprint>
      <libsource lib="device" part="C"/>
      <sheetpath names="/" tstamps="/"/>
      <tstamp>57CFCE5C</tstamp>
    </comp>
    <comp ref="C14">
      <value>10n</value>
      <footprint>Capacitors_ThroughHole:C_Disc_D6_P5</footprint>
      <libsource lib="device" part="C"/>
      <sheetpath names="/" tstamps="/"/>
      <tstamp>57CFCE5D</tstamp>
    </comp>
    <comp ref="C15">
      <value>10n</value>
      <footprint>Capacitors_ThroughHole:C_Disc_D6_P5</footprint>
      <libsource lib="device" part="C"/>
      <sheetpath names="/" tstamps="/"/>
      <tstamp>57CFCE5E</tstamp>
    </comp>
    <comp ref="U2">
      <value>MC12080</value>
      <footprint>Housings_SOIC:SOIC-8_3.9x4.9mm_Pitch1.27mm</footprint>
      <libsource lib="F_counter-cache" part="MC12080"/>
      <sheetpath names="/" tstamps="/"/>
      <tstamp>57CFCE60</tstamp>
    </comp>
    <comp ref="C7">
      <value>1n</value>
      <footprint>Capacitors_SMD:C_0805_HandSoldering</footprint>
      <libsource lib="device" part="C"/>
      <sheetpath names="/" tstamps="/"/>
      <tstamp>57CFCE62</tstamp>
    </comp>
    <comp ref="R10">
      <value>x</value>
      <footprint>Resistors_SMD:R_0805_HandSoldering</footprint>
      <libsource lib="device" part="R"/>
      <sheetpath names="/" tstamps="/"/>
      <tstamp>57CFCE64</tstamp>
    </comp>
    <comp ref="U1">
      <value>74HC74</value>
      <footprint>Housings_DIP:DIP-14_W7.62mm_LongPads</footprint>
      <libsource lib="74xx" part="74HC74"/>
      <sheetpath names="/" tstamps="/"/>
      <tstamp>57CFCE65</tstamp>
    </comp>
    <comp ref="P1">
      <value>CONN_01X02</value>
      <footprint>Socket_Strips:Socket_Strip_Straight_1x02</footprint>
      <libsource lib="conn" part="CONN_01X02"/>
      <sheetpath names="/" tstamps="/"/>
      <tstamp>57CFCE6A</tstamp>
    </comp>
    <comp ref="P2">
      <value>CONN_01X02</value>
      <footprint>Socket_Strips:Socket_Strip_Straight_1x02</footprint>
      <libsource lib="conn" part="CONN_01X02"/>
      <sheetpath names="/" tstamps="/"/>
      <tstamp>57CFCE6B</tstamp>
    </comp>
    <comp ref="R3">
      <value>820</value>
      <footprint>Discret:R4</footprint>
      <libsource lib="device" part="R"/>
      <sheetpath names="/" tstamps="/"/>
      <tstamp>57CFCE6D</tstamp>
    </comp>
    <comp ref="C3">
      <value>1n</value>
      <footprint>Capacitors_SMD:C_0805_HandSoldering</footprint>
      <libsource lib="device" part="C"/>
      <sheetpath names="/" tstamps="/"/>
      <tstamp>57CFCE6F</tstamp>
    </comp>
    <comp ref="R4">
      <value>51</value>
      <footprint>Resistors_SMD:R_0805_HandSoldering</footprint>
      <libsource lib="device" part="R"/>
      <sheetpath names="/" tstamps="/"/>
      <tstamp>57CFCE70</tstamp>
    </comp>
    <comp ref="R6">
      <value>10k</value>
      <footprint>Discret:R4</footprint>
      <libsource lib="device" part="R"/>
      <sheetpath names="/" tstamps="/"/>
      <tstamp>57CFCE71</tstamp>
    </comp>
    <comp ref="R5">
      <value>10k</value>
      <footprint>Discret:R4</footprint>
      <libsource lib="device" part="R"/>
      <sheetpath names="/" tstamps="/"/>
      <tstamp>57CFCE72</tstamp>
    </comp>
    <comp ref="C4">
      <value>1n</value>
      <footprint>Capacitors_ThroughHole:C_Disc_D3_P2.5</footprint>
      <libsource lib="device" part="C"/>
      <sheetpath names="/" tstamps="/"/>
      <tstamp>57CFCE73</tstamp>
    </comp>
    <comp ref="P3">
      <value>CONN_01X02</value>
      <footprint>Socket_Strips:Socket_Strip_Straight_1x02</footprint>
      <libsource lib="conn" part="CONN_01X02"/>
      <sheetpath names="/" tstamps="/"/>
      <tstamp>57CFCE74</tstamp>
    </comp>
    <comp ref="D4">
      <value>1N4001</value>
      <footprint>Discret:D4</footprint>
      <libsource lib="device" part="D"/>
      <sheetpath names="/" tstamps="/"/>
      <tstamp>57CFCE76</tstamp>
    </comp>
    <comp ref="C6">
      <value>100n</value>
      <footprint>Capacitors_ThroughHole:C_Disc_D6_P5</footprint>
      <libsource lib="device" part="C"/>
      <sheetpath names="/" tstamps="/"/>
      <tstamp>57CFCE77</tstamp>
    </comp>
    <comp ref="C8">
      <value>100n</value>
      <footprint>Capacitors_ThroughHole:C_Disc_D6_P5</footprint>
      <libsource lib="device" part="C"/>
      <sheetpath names="/" tstamps="/"/>
      <tstamp>57CFCE79</tstamp>
    </comp>
    <comp ref="C9">
      <value>100n</value>
      <footprint>Capacitors_ThroughHole:C_Disc_D6_P5</footprint>
      <libsource lib="device" part="C"/>
      <sheetpath names="/" tstamps="/"/>
      <tstamp>57CFCE7A</tstamp>
    </comp>
    <comp ref="C10">
      <value>100n</value>
      <footprint>Capacitors_ThroughHole:C_Disc_D6_P5</footprint>
      <libsource lib="device" part="C"/>
      <sheetpath names="/" tstamps="/"/>
      <tstamp>57CFCE7B</tstamp>
    </comp>
    <comp ref="C11">
      <value>100n</value>
      <footprint>Capacitors_ThroughHole:C_Disc_D6_P5</footprint>
      <libsource lib="device" part="C"/>
      <sheetpath names="/" tstamps="/"/>
      <tstamp>57CFCE7C</tstamp>
    </comp>
    <comp ref="C13">
      <value>100n</value>
      <footprint>Capacitors_ThroughHole:C_Disc_D6_P5</footprint>
      <libsource lib="device" part="C"/>
      <sheetpath names="/" tstamps="/"/>
      <tstamp>57CFCE7D</tstamp>
    </comp>
    <comp ref="R9">
      <value>1M</value>
      <footprint>Discret:R4</footprint>
      <libsource lib="device" part="R"/>
      <sheetpath names="/" tstamps="/"/>
      <tstamp>57CFCE8E</tstamp>
    </comp>
    <comp ref="U3">
      <value>74HC00</value>
      <footprint>Housings_DIP:DIP-14_W7.62mm_LongPads</footprint>
      <libsource lib="74xx" part="74HC00"/>
      <sheetpath names="/" tstamps="/"/>
      <tstamp>57CFCE90</tstamp>
    </comp>
    <comp ref="U4">
      <value>74HC00</value>
      <footprint>Housings_DIP:DIP-14_W7.62mm_LongPads</footprint>
      <libsource lib="74xx" part="74HC00"/>
      <sheetpath names="/" tstamps="/"/>
      <tstamp>57CFCE94</tstamp>
    </comp>
    <comp ref="P4">
      <value>CONN_01X04</value>
      <footprint>Socket_Strips:Socket_Strip_Straight_1x04</footprint>
      <libsource lib="conn" part="CONN_01X04"/>
      <sheetpath names="/" tstamps="/"/>
      <tstamp>57CFCE9A</tstamp>
    </comp>
    <comp ref="D3">
      <value>1N4148</value>
      <footprint>Discret:D3</footprint>
      <libsource lib="device" part="D"/>
      <sheetpath names="/" tstamps="/"/>
      <tstamp>57CFCE9C</tstamp>
    </comp>
    <comp ref="D5">
      <value>1N4148</value>
      <footprint>Discret:D3</footprint>
      <libsource lib="device" part="D"/>
      <sheetpath names="/" tstamps="/"/>
      <tstamp>57CFCE9D</tstamp>
    </comp>
    <comp ref="R2">
      <value>4.7k</value>
      <footprint>Resistors_SMD:R_0805_HandSoldering</footprint>
      <libsource lib="device" part="R"/>
      <sheetpath names="/" tstamps="/"/>
      <tstamp>57CFCE9E</tstamp>
    </comp>
    <comp ref="C2">
      <value>100p</value>
      <footprint>Capacitors_SMD:C_0805_HandSoldering</footprint>
      <libsource lib="device" part="C"/>
      <sheetpath names="/" tstamps="/"/>
      <tstamp>57CFCE9F</tstamp>
    </comp>
    <comp ref="C16">
      <value>3.3p</value>
      <footprint>Capacitors_ThroughHole:C_Disc_D5.0mm_W2.5mm_P2.50mm</footprint>
      <libsource lib="device" part="C"/>
      <sheetpath names="/" tstamps="/"/>
      <tstamp>58178D2C</tstamp>
    </comp>
    <comp ref="P5">
      <value>TST</value>
      <footprint>libraries:MyTP2</footprint>
      <libsource lib="device" part="TST"/>
      <sheetpath names="/" tstamps="/"/>
      <tstamp>58CCA1EE</tstamp>
    </comp>
  </components>
  <libparts>
    <libpart lib="74xx" part="74LS00">
      <aliases>
        <alias>74LS37</alias>
        <alias>7400</alias>
        <alias>74HCT00</alias>
        <alias>74HC00</alias>
      </aliases>
      <description>Quad nand2</description>
      <footprints>
        <fp>14DIP300*</fp>
        <fp>SO14*</fp>
      </footprints>
      <fields>
        <field name="Reference">U</field>
        <field name="Value">74LS00</field>
      </fields>
      <pins>
        <pin num="1" name="~" type="input"/>
        <pin num="2" name="~" type="input"/>
        <pin num="3" name="~" type="output"/>
        <pin num="4" name="~" type="input"/>
        <pin num="5" name="~" type="input"/>
        <pin num="6" name="~" type="output"/>
        <pin num="7" name="GND" type="power_in"/>
        <pin num="8" name="~" type="output"/>
        <pin num="9" name="~" type="input"/>
        <pin num="10" name="~" type="input"/>
        <pin num="11" name="~" type="output"/>
        <pin num="12" name="~" type="input"/>
        <pin num="13" name="~" type="input"/>
        <pin num="14" name="VCC" type="power_in"/>
      </pins>
    </libpart>
    <libpart lib="74xx" part="74LS393">
      <description>Dual BDC 4 bits counter</description>
      <docs>74xx\74LS393.pdf</docs>
      <fields>
        <field name="Reference">U</field>
        <field name="Value">74LS393</field>
      </fields>
      <pins>
        <pin num="1" name="Cp" type="input"/>
        <pin num="2" name="Mr" type="input"/>
        <pin num="3" name="Q0" type="output"/>
        <pin num="4" name="Q1" type="output"/>
        <pin num="5" name="Q2" type="output"/>
        <pin num="6" name="Q3" type="output"/>
        <pin num="7" name="GND" type="power_in"/>
        <pin num="8" name="Q3" type="output"/>
        <pin num="9" name="Q2" type="output"/>
        <pin num="10" name="Q1" type="output"/>
        <pin num="11" name="Q0" type="output"/>
        <pin num="12" name="Mr" type="input"/>
        <pin num="13" name="Cp" type="input"/>
        <pin num="14" name="VCC" type="power_in"/>
      </pins>
    </libpart>
    <libpart lib="74xx" part="74LS74">
      <aliases>
        <alias>74HC74</alias>
      </aliases>
      <description>Dual D FlipFlop, Set &amp; Reset</description>
      <docs>74xx/74hc_hct74.pdf</docs>
      <fields>
        <field name="Reference">U</field>
        <field name="Value">74LS74</field>
      </fields>
      <pins>
        <pin num="1" name="Cd" type="input"/>
        <pin num="2" name="D" type="input"/>
        <pin num="3" name="Cp" type="input"/>
        <pin num="4" name="Sd" type="input"/>
        <pin num="5" name="Q" type="output"/>
        <pin num="6" name="~Q" type="output"/>
        <pin num="7" name="GND" type="power_in"/>
        <pin num="8" name="~Q" type="output"/>
        <pin num="9" name="Q" type="output"/>
        <pin num="10" name="Sd" type="input"/>
        <pin num="11" name="Cp" type="input"/>
        <pin num="12" name="D" type="input"/>
        <pin num="13" name="Cd" type="input"/>
        <pin num="14" name="VCC" type="power_in"/>
      </pins>
    </libpart>
    <libpart lib="device" part="C">
      <description>Unpolarized capacitor</description>
      <footprints>
        <fp>C?</fp>
        <fp>C_????_*</fp>
        <fp>C_????</fp>
        <fp>SMD*_c</fp>
        <fp>Capacitor*</fp>
      </footprints>
      <fields>
        <field name="Reference">C</field>
        <field name="Value">C</field>
      </fields>
      <pins>
        <pin num="1" name="~" type="passive"/>
        <pin num="2" name="~" type="passive"/>
      </pins>
    </libpart>
    <libpart lib="conn" part="CONN_01X02">
      <description>Connector 01x02</description>
      <footprints>
        <fp>Pin_Header_Straight_1X02</fp>
        <fp>Pin_Header_Angled_1X02</fp>
        <fp>Socket_Strip_Straight_1X02</fp>
        <fp>Socket_Strip_Angled_1X02</fp>
      </footprints>
      <fields>
        <field name="Reference">P</field>
        <field name="Value">CONN_01X02</field>
      </fields>
      <pins>
        <pin num="1" name="P1" type="passive"/>
        <pin num="2" name="P2" type="passive"/>
      </pins>
    </libpart>
    <libpart lib="conn" part="CONN_01X04">
      <description>Connector 01x04</description>
      <footprints>
        <fp>Pin_Header_Straight_1X04</fp>
        <fp>Pin_Header_Angled_1X04</fp>
        <fp>Socket_Strip_Straight_1X04</fp>
        <fp>Socket_Strip_Angled_1X04</fp>
      </footprints>
      <fields>
        <field name="Reference">P</field>
        <field name="Value">CONN_01X04</field>
      </fields>
      <pins>
        <pin num="1" name="P1" type="passive"/>
        <pin num="2" name="P2" type="passive"/>
        <pin num="3" name="P3" type="passive"/>
        <pin num="4" name="P4" type="passive"/>
      </pins>
    </libpart>
    <libpart lib="device" part="D">
      <description>Diode</description>
      <footprints>
        <fp>Diode_*</fp>
        <fp>D-Pak_TO252AA</fp>
        <fp>*SingleDiode</fp>
        <fp>*_Diode_*</fp>
        <fp>*SingleDiode*</fp>
      </footprints>
      <fields>
        <field name="Reference">D</field>
        <field name="Value">D</field>
      </fields>
      <pins>
        <pin num="1" name="K" type="passive"/>
        <pin num="2" name="A" type="passive"/>
      </pins>
    </libpart>
    <libpart lib="display" part="LCD16X2">
      <aliases>
        <alias>LCD-016N002L</alias>
      </aliases>
      <description>WC1602A0-SFYLYNC06</description>
      <docs>http://www.kamami.pl/dl/wc1602a0.pdf</docs>
      <fields>
        <field name="Reference">DS</field>
        <field name="Value">LCD16X2</field>
        <field name="Footprint">WC1602A</field>
      </fields>
      <pins>
        <pin num="1" name="VSS" type="power_in"/>
        <pin num="2" name="VDD" type="power_in"/>
        <pin num="3" name="VO" type="input"/>
        <pin num="4" name="RS" type="input"/>
        <pin num="5" name="R/W" type="input"/>
        <pin num="6" name="E" type="input"/>
        <pin num="7" name="D0" type="input"/>
        <pin num="8" name="D1" type="input"/>
        <pin num="9" name="D2" type="input"/>
        <pin num="10" name="D3" type="input"/>
        <pin num="11" name="D4" type="input"/>
        <pin num="12" name="D5" type="input"/>
        <pin num="13" name="D6" type="input"/>
        <pin num="14" name="D7" type="input"/>
        <pin num="15" name="LED+" type="passive"/>
        <pin num="16" name="LED-" type="passive"/>
      </pins>
    </libpart>
    <libpart lib="F_counter-cache" part="MC12080">
      <fields>
        <field name="Reference">U</field>
        <field name="Value">MC12080</field>
      </fields>
      <pins>
        <pin num="1" name="IN" type="input"/>
        <pin num="2" name="Vcc" type="power_in"/>
        <pin num="3" name="SW1" type="input"/>
        <pin num="4" name="Out" type="output"/>
        <pin num="5" name="Gnd" type="passive"/>
        <pin num="6" name="SW2" type="input"/>
        <pin num="7" name="SW3" type="input"/>
        <pin num="8" name="IN_(Inv)" type="input"/>
      </pins>
    </libpart>
    <libpart lib="F_counter-cache" part="Nano">
      <fields>
        <field name="Reference">U</field>
        <field name="Value">Nano</field>
      </fields>
      <pins>
        <pin num="1" name="D13" type="BiDi"/>
        <pin num="2" name="3.3v" type="power_out"/>
        <pin num="3" name="Ref" type="power_out"/>
        <pin num="4" name="A0" type="BiDi"/>
        <pin num="5" name="A1" type="BiDi"/>
        <pin num="6" name="A2" type="BiDi"/>
        <pin num="7" name="A3" type="BiDi"/>
        <pin num="8" name="A4" type="BiDi"/>
        <pin num="9" name="A5" type="BiDi"/>
        <pin num="10" name="A6" type="BiDi"/>
        <pin num="11" name="A7" type="BiDi"/>
        <pin num="12" name="5v" type="power_in"/>
        <pin num="13" name="Rst" type="power_out"/>
        <pin num="14" name="Gnd" type="passive"/>
        <pin num="15" name="Vin" type="power_in"/>
        <pin num="16" name="Tx" type="BiDi"/>
        <pin num="17" name="Rx" type="BiDi"/>
        <pin num="18" name="Rst" type="BiDi"/>
        <pin num="19" name="Gnd" type="passive"/>
        <pin num="20" name="D2" type="BiDi"/>
        <pin num="21" name="D3" type="BiDi"/>
        <pin num="22" name="D4" type="BiDi"/>
        <pin num="23" name="D5" type="BiDi"/>
        <pin num="24" name="D6" type="BiDi"/>
        <pin num="25" name="D7" type="BiDi"/>
        <pin num="26" name="D8" type="BiDi"/>
        <pin num="27" name="D9" type="BiDi"/>
        <pin num="28" name="D10" type="BiDi"/>
        <pin num="29" name="D11" type="BiDi"/>
        <pin num="30" name="D12" type="BiDi"/>
      </pins>
    </libpart>
    <libpart lib="device" part="POT">
      <description>Potentionmetre</description>
      <fields>
        <field name="Reference">RV</field>
        <field name="Value">POT</field>
      </fields>
      <pins>
        <pin num="1" name="1" type="passive"/>
        <pin num="2" name="2" type="passive"/>
        <pin num="3" name="3" type="passive"/>
      </pins>
    </libpart>
    <libpart lib="device" part="R">
      <description>Resistor</description>
      <footprints>
        <fp>R_*</fp>
        <fp>Resistor_*</fp>
      </footprints>
      <fields>
        <field name="Reference">R</field>
        <field name="Value">R</field>
      </fields>
      <pins>
        <pin num="1" name="~" type="passive"/>
        <pin num="2" name="~" type="passive"/>
      </pins>
    </libpart>
    <libpart lib="F_counter-cache" part="RTC">
      <fields>
        <field name="Reference">U</field>
        <field name="Value">RTC</field>
      </fields>
      <pins>
        <pin num="1" name="GND" type="passive"/>
        <pin num="2" name="Vcc" type="power_in"/>
        <pin num="3" name="SDA" type="BiDi"/>
        <pin num="4" name="SCL" type="BiDi"/>
        <pin num="5" name="SQW" type="BiDi"/>
        <pin num="6" name="32k" type="output"/>
      </pins>
    </libpart>
    <libpart lib="device" part="SW_PUSH">
      <description>Button</description>
      <fields>
        <field name="Reference">SW</field>
        <field name="Value">SW_PUSH</field>
      </fields>
      <pins>
        <pin num="1" name="1" type="passive"/>
        <pin num="2" name="2" type="passive"/>
      </pins>
    </libpart>
    <libpart lib="device" part="TST">
      <fields>
        <field name="Reference">P</field>
        <field name="Value">TST</field>
      </fields>
      <pins>
        <pin num="1" name="~" type="passive"/>
      </pins>
    </libpart>
  </libparts>
  <libraries>
    <library logical="device">
      <uri>/usr/share/kicad/library/device.lib</uri>
    </library>
    <library logical="conn">
      <uri>/usr/share/kicad/library/conn.lib</uri>
    </library>
    <library logical="display">
      <uri>/usr/share/kicad/library/display.lib</uri>
    </library>
    <library logical="F_counter-cache">
      <uri>/home/alan/kicad files/Frequency_counter_v1.102/F_counter-cache.lib</uri>
    </library>
    <library logical="74xx">
      <uri>/usr/share/kicad/library/74xx.lib</uri>
    </library>
  </libraries>
  <nets>
    <net code="1" name="Net-(U4-Pad6)">
      <node ref="U4" pin="9"/>
      <node ref="U6" pin="7"/>
      <node ref="U4" pin="6"/>
    </net>
    <net code="2" name="Net-(U4-Pad4)">
      <node ref="U4" pin="4"/>
      <node ref="U6" pin="6"/>
    </net>
    <net code="3" name="Net-(U6-Pad23)">
      <node ref="U7" pin="8"/>
      <node ref="U6" pin="23"/>
    </net>
    <net code="4" name="Net-(C15-Pad2)">
      <node ref="C15" pin="2"/>
      <node ref="R16" pin="1"/>
      <node ref="U6" pin="20"/>
    </net>
    <net code="5" name="Net-(DS1-Pad14)">
      <node ref="U6" pin="24"/>
      <node ref="DS1" pin="14"/>
    </net>
    <net code="6" name="Net-(DS1-Pad13)">
      <node ref="U6" pin="25"/>
      <node ref="DS1" pin="13"/>
    </net>
    <net code="7" name="Net-(U1-Pad11)">
      <node ref="U1" pin="11"/>
      <node ref="U5" pin="5"/>
    </net>
    <net code="8" name="Net-(U1-Pad10)">
      <node ref="U1" pin="10"/>
      <node ref="U6" pin="5"/>
    </net>
    <net code="9" name="Net-(U4-Pad10)">
      <node ref="U4" pin="3"/>
      <node ref="U4" pin="10"/>
    </net>
    <net code="10" name="Net-(U3-Pad11)">
      <node ref="U3" pin="11"/>
      <node ref="U4" pin="1"/>
    </net>
    <net code="11" name="Net-(U3-Pad4)">
      <node ref="U3" pin="8"/>
      <node ref="U3" pin="4"/>
    </net>
    <net code="12" name="Net-(C4-Pad2)">
      <node ref="C4" pin="2"/>
      <node ref="U2" pin="4"/>
      <node ref="R3" pin="1"/>
    </net>
    <net code="13" name="Net-(C4-Pad1)">
      <node ref="R5" pin="1"/>
      <node ref="R6" pin="2"/>
      <node ref="C4" pin="1"/>
      <node ref="U3" pin="12"/>
    </net>
    <net code="14" name="Net-(DS1-Pad12)">
      <node ref="DS1" pin="12"/>
      <node ref="U6" pin="26"/>
    </net>
    <net code="15" name="Net-(DS1-Pad11)">
      <node ref="DS1" pin="11"/>
      <node ref="U6" pin="27"/>
    </net>
    <net code="16" name="Net-(DS1-Pad6)">
      <node ref="U6" pin="28"/>
      <node ref="DS1" pin="6"/>
    </net>
    <net code="17" name="Net-(DS1-Pad4)">
      <node ref="DS1" pin="4"/>
      <node ref="U6" pin="29"/>
    </net>
    <net code="18" name="Net-(C3-Pad1)">
      <node ref="C3" pin="1"/>
      <node ref="U2" pin="1"/>
    </net>
    <net code="19" name="Net-(C14-Pad2)">
      <node ref="U6" pin="21"/>
      <node ref="R15" pin="1"/>
      <node ref="C14" pin="2"/>
    </net>
    <net code="20" name="Net-(C12-Pad2)">
      <node ref="U6" pin="22"/>
      <node ref="C12" pin="2"/>
      <node ref="R13" pin="1"/>
    </net>
    <net code="21" name="Net-(U4-Pad11)">
      <node ref="U4" pin="11"/>
      <node ref="U7" pin="1"/>
    </net>
    <net code="22" name="Net-(U4-Pad12)">
      <node ref="U4" pin="12"/>
      <node ref="U4" pin="8"/>
    </net>
    <net code="23" name="Net-(U1-Pad12)">
      <node ref="U1" pin="12"/>
      <node ref="U1" pin="8"/>
    </net>
    <net code="24" name="Net-(U5-Pad3)">
      <node ref="U6" pin="8"/>
      <node ref="U5" pin="3"/>
    </net>
    <net code="25" name="Net-(U5-Pad4)">
      <node ref="U6" pin="9"/>
      <node ref="U5" pin="4"/>
    </net>
    <net code="26" name="Net-(C7-Pad1)">
      <node ref="U2" pin="8"/>
      <node ref="C7" pin="1"/>
      <node ref="R10" pin="1"/>
    </net>
    <net code="27" name="Net-(P4-Pad3)">
      <node ref="SW2" pin="2"/>
      <node ref="P4" pin="3"/>
      <node ref="R15" pin="2"/>
      <node ref="R12" pin="2"/>
    </net>
    <net code="28" name="Net-(P4-Pad2)">
      <node ref="P4" pin="2"/>
      <node ref="SW1" pin="2"/>
      <node ref="R16" pin="2"/>
      <node ref="R14" pin="2"/>
    </net>
    <net code="29" name="GND">
      <node ref="P2" pin="1"/>
      <node ref="C12" pin="1"/>
      <node ref="SW1" pin="1"/>
      <node ref="RV2" pin="1"/>
      <node ref="SW2" pin="1"/>
      <node ref="SW3" pin="1"/>
      <node ref="DS1" pin="16"/>
      <node ref="P3" pin="1"/>
      <node ref="DS1" pin="5"/>
      <node ref="C6" pin="2"/>
      <node ref="R5" pin="2"/>
      <node ref="R4" pin="2"/>
      <node ref="U4" pin="7"/>
      <node ref="R3" pin="2"/>
      <node ref="C11" pin="2"/>
      <node ref="C10" pin="2"/>
      <node ref="U3" pin="7"/>
      <node ref="C9" pin="2"/>
      <node ref="C8" pin="2"/>
      <node ref="U6" pin="14"/>
      <node ref="DS1" pin="1"/>
      <node ref="U1" pin="3"/>
      <node ref="U1" pin="2"/>
      <node ref="U5" pin="1"/>
      <node ref="C13" pin="2"/>
      <node ref="U1" pin="7"/>
      <node ref="C15" pin="1"/>
      <node ref="R10" pin="2"/>
      <node ref="U2" pin="5"/>
      <node ref="C7" pin="2"/>
      <node ref="C14" pin="1"/>
      <node ref="U7" pin="7"/>
      <node ref="D2" pin="2"/>
      <node ref="RV1" pin="1"/>
      <node ref="D1" pin="1"/>
      <node ref="U6" pin="19"/>
      <node ref="P1" pin="1"/>
      <node ref="D5" pin="1"/>
      <node ref="D3" pin="2"/>
      <node ref="P4" pin="1"/>
    </net>
    <net code="30" name="Net-(C2-Pad1)">
      <node ref="P2" pin="2"/>
      <node ref="R2" pin="2"/>
      <node ref="C2" pin="1"/>
    </net>
    <net code="31" name="VCC">
      <node ref="RV1" pin="3"/>
      <node ref="U6" pin="12"/>
      <node ref="R6" pin="1"/>
      <node ref="U5" pin="2"/>
      <node ref="C13" pin="1"/>
      <node ref="U1" pin="1"/>
      <node ref="U1" pin="4"/>
      <node ref="U1" pin="14"/>
      <node ref="U1" pin="13"/>
      <node ref="C8" pin="1"/>
      <node ref="C11" pin="1"/>
      <node ref="C9" pin="1"/>
      <node ref="C10" pin="1"/>
      <node ref="R17" pin="1"/>
      <node ref="R11" pin="1"/>
      <node ref="U3" pin="14"/>
      <node ref="U7" pin="14"/>
      <node ref="RV2" pin="3"/>
      <node ref="R14" pin="1"/>
      <node ref="U2" pin="2"/>
      <node ref="U2" pin="3"/>
      <node ref="U2" pin="6"/>
      <node ref="U2" pin="7"/>
      <node ref="DS1" pin="2"/>
      <node ref="R12" pin="1"/>
      <node ref="U4" pin="14"/>
    </net>
    <net code="32" name="Net-(U1-Pad9)">
      <node ref="U4" pin="5"/>
      <node ref="U1" pin="9"/>
    </net>
    <net code="33" name="Net-(P4-Pad4)">
      <node ref="SW3" pin="2"/>
      <node ref="R13" pin="2"/>
      <node ref="R11" pin="2"/>
      <node ref="P4" pin="4"/>
    </net>
    <net code="34" name="Net-(U6-Pad10)">
      <node ref="U6" pin="10"/>
    </net>
    <net code="35" name="Clr">
      <node ref="U6" pin="1"/>
      <node ref="U7" pin="12"/>
      <node ref="U7" pin="2"/>
    </net>
    <net code="36" name="Net-(U6-Pad11)">
      <node ref="U6" pin="11"/>
    </net>
    <net code="37" name="Flush">
      <node ref="U4" pin="13"/>
      <node ref="U6" pin="30"/>
    </net>
    <net code="38" name="Net-(U6-Pad17)">
      <node ref="U6" pin="17"/>
    </net>
    <net code="39" name="Net-(U6-Pad16)">
      <node ref="U6" pin="16"/>
    </net>
    <net code="40" name="Net-(R9-Pad1)">
      <node ref="R9" pin="1"/>
      <node ref="U3" pin="3"/>
      <node ref="U3" pin="5"/>
    </net>
    <net code="41" name="Sel">
      <node ref="U3" pin="13"/>
      <node ref="U3" pin="9"/>
      <node ref="U3" pin="10"/>
      <node ref="U6" pin="4"/>
    </net>
    <net code="42" name="Net-(C16-Pad2)">
      <node ref="U3" pin="6"/>
      <node ref="U4" pin="2"/>
      <node ref="R8" pin="1"/>
      <node ref="C16" pin="2"/>
    </net>
    <net code="43" name="Net-(C16-Pad1)">
      <node ref="U3" pin="2"/>
      <node ref="C16" pin="1"/>
      <node ref="U3" pin="1"/>
      <node ref="R9" pin="2"/>
      <node ref="R8" pin="2"/>
      <node ref="R7" pin="1"/>
      <node ref="C5" pin="1"/>
    </net>
    <net code="44" name="Net-(DS1-Pad7)">
      <node ref="DS1" pin="7"/>
    </net>
    <net code="45" name="Net-(DS1-Pad8)">
      <node ref="DS1" pin="8"/>
    </net>
    <net code="46" name="Net-(DS1-Pad9)">
      <node ref="DS1" pin="9"/>
    </net>
    <net code="47" name="Net-(DS1-Pad10)">
      <node ref="DS1" pin="10"/>
    </net>
    <net code="48" name="Net-(U6-Pad13)">
      <node ref="U6" pin="13"/>
    </net>
    <net code="49" name="Net-(DS1-Pad3)">
      <node ref="DS1" pin="3"/>
      <node ref="RV2" pin="2"/>
    </net>
    <net code="50" name="Net-(U6-Pad3)">
      <node ref="U6" pin="3"/>
    </net>
    <net code="51" name="Net-(U6-Pad2)">
      <node ref="U6" pin="2"/>
    </net>
    <net code="52" name="Net-(U7-Pad9)">
      <node ref="U7" pin="9"/>
    </net>
    <net code="53" name="Net-(U7-Pad10)">
      <node ref="U7" pin="10"/>
    </net>
    <net code="54" name="Net-(U7-Pad11)">
      <node ref="U7" pin="11"/>
    </net>
    <net code="55" name="Net-(U7-Pad5)">
      <node ref="U7" pin="5"/>
    </net>
    <net code="56" name="Net-(U7-Pad4)">
      <node ref="U7" pin="4"/>
    </net>
    <net code="57" name="Net-(U7-Pad3)">
      <node ref="U7" pin="3"/>
    </net>
    <net code="58" name="Net-(U7-Pad13)">
      <node ref="U7" pin="13"/>
      <node ref="U7" pin="6"/>
    </net>
    <net code="59" name="Net-(P5-Pad1)">
      <node ref="P5" pin="1"/>
      <node ref="R7" pin="2"/>
      <node ref="RV1" pin="2"/>
    </net>
    <net code="60" name="Net-(C1-Pad2)">
      <node ref="C1" pin="2"/>
      <node ref="C5" pin="2"/>
      <node ref="R1" pin="1"/>
      <node ref="D1" pin="2"/>
      <node ref="D2" pin="1"/>
    </net>
    <net code="61" name="Net-(C1-Pad1)">
      <node ref="P1" pin="2"/>
      <node ref="C1" pin="1"/>
      <node ref="R1" pin="2"/>
    </net>
    <net code="62" name="Net-(U6-Pad18)">
      <node ref="U6" pin="18"/>
    </net>
    <net code="63" name="Net-(U5-Pad6)">
      <node ref="U5" pin="6"/>
    </net>
    <net code="64" name="Net-(DS1-Pad15)">
      <node ref="DS1" pin="15"/>
      <node ref="R17" pin="2"/>
    </net>
    <net code="65" name="Net-(U1-Pad5)">
      <node ref="U1" pin="5"/>
    </net>
    <net code="66" name="Net-(U1-Pad6)">
      <node ref="U1" pin="6"/>
    </net>
    <net code="67" name="Net-(D4-Pad2)">
      <node ref="D4" pin="2"/>
      <node ref="P3" pin="2"/>
    </net>
    <net code="68" name="Vin">
      <node ref="U6" pin="15"/>
      <node ref="C6" pin="1"/>
      <node ref="D4" pin="1"/>
    </net>
    <net code="69" name="Net-(C2-Pad2)">
      <node ref="D5" pin="2"/>
      <node ref="R2" pin="1"/>
      <node ref="C2" pin="2"/>
      <node ref="C3" pin="2"/>
      <node ref="R4" pin="1"/>
      <node ref="D3" pin="1"/>
    </net>
  </nets>
</export>
